Company,Industry,HQ Location,Country,Ownership,Ticker,Segment,Tier,Signal,Signal Date,Score,Source URL,Messaging Hook
TSMC,semiconductor,"Hsinchu, Taiwan / Phoenix, AZ",Taiwan,Public,TSM,Fabs,A,$165B total US investment announced Mar 2025; $65B Arizona 3-fab complex; Fab 1 producing Q4 2024; 900 acres purchased for expansion; 6 fabs + 2 packaging plants planned,2025-03,10,https://pr.tsmc.com/english/news/3210,$165B US commitment; Arizona mega-complex
Castelion,aerospace,"El Segundo, CA",USA,Private,,Hypersonics,A,$350M Series B + Project Ranger 1000-acre NM manufacturing campus,Dec 2025,10,https://www.castelion.com/news/series-b/,Your $350M raise and Project Ranger campus signal hypersonic production at scale
CesiumAstro,space-industry,"Austin, TX",,Private,,Spacecraft Components & Subsystems,A,"$470M Series C; building 270,000 sq ft HQ/manufacturing facility; 500+ jobs planned",2026-02,10,https://spacenews.com/cesiumastro-to-scale-operations-with-450-million-in-equity-and-debt-financing/,Major Texas expansion; workforce development programs
Hitachi Energy,grid-transmission,"Zurich, Switzerland",Switzerland,Public,Hitachi,Transformers,A,$1B+ US investment; $457M South Boston VA 2nd facility Sept 2025; $106M Alamo TN expansion; $6B global 2024,2025,10,https://www.manufacturingdive.com/news/hitachi-unveils-1b-grid-manufacturing-investment-virginia-transformer/759512/,$1B US grid investment; VA + TN expansion
GE Vernova Gas Power,grid-transmission,"Greenville, SC",USA,Public,GEV,Gas Turbines,A,$160M Greenville expansion; 80 GW backlog by end 2025; 80 turbines/year capacity; Duke Energy major deal; HA turbine 3M hours,2025,10,https://www.utilitydive.com/news/ge-vernova-gas-turbine-investor/807662/,80 GW backlog; Greenville SC expansion
Apptronik,robotics-oem,Austin TX,,Private,,Humanoid Robots,A,$350M Series A (Google-backed) + $5B valuation + leasing new space to ramp Apollo production,Feb 2025,10,https://www.reuters.com/technology/apptronik-raises-350-million-scale-production-humanoid-robots-2025-02-13/,Your $350M raise and production ramp for Apollo humanoids signals massive scaling — as manufacturing expands have you evaluated sites beyond Austin?
LG Energy Solution,battery-expanded,"Seoul, South Korea / Holland MI",Korea,Public,373220.KS,EV Battery + Storage,A,$5.5B Arizona complex (cylindrical EV + LFP ESS); $3B Michigan expansion 5x capacity; Holland LFP plant open Jun 2025,2025,10,https://news.lgensol.com/company-news/press-releases/2592/,Arizona + Michigan mega-investments; US ESS cell leader
Tesla Energy,battery-expanded,"Palo Alto, CA / Lathrop CA",USA,Public,TSLA,Grid Storage,A,40 GWh Lathrop Megafactory; 10000th Megapack Nov 2024; $150M+ Texas expansion 2026; 31.4 GWh deployed 2024,2025,10,https://www.tesla.com/megafactory,Lathrop + Texas expansion; grid storage leader
TerraPower,smr-nuclear,"Bellevue, WA",USA,Private,,SMR Developer,A,Wyoming Natrium plant under construction; state permit approved Jan 2025; training center Aug 2025; DOE ARDP funding,2025,10,https://www.ans.org/news/2025-01-16/article-6690/wyoming-oks-construction-of-terrapowers-natrium-plant/,Kemmerer WY plant under construction; Bill Gates backed
X-energy,smr-nuclear,"Rockville, MD",USA,Private,,SMR Developer,A,Oak Ridge TRISO fuel facility construction Nov 2025; Dow Seadrift TX 4-unit plant; operations 2027,2025,10,https://x-energy.com/media/news-releases/x-energy-begins-vertical-construction-for-first-in-the-nation-advanced-nuclear-fuel-fabrication-facility,Oak Ridge fuel facility + Dow Texas plant
Oklo,smr-nuclear,"Santa Clara, CA",USA,Public,OKLO,SMR Developer,A,12 GW Switch data center deal through 2044; Idaho plant groundbreaking Sept 2025; $2B fuel development funding,2025,10,https://en.wikipedia.org/wiki/Oklo_Inc.,12 GW data center deal; Sam Altman backed
First Solar,solar-manufacturing,"Tempe, AZ",USA,Public,FSLR,Modules,A,$1.1B Alabama factory opened 2024 (3.5 GW); Louisiana $1.1B plant Q3 2025 (3.5 GW); Ohio 3 plants; 14.5 GW US capacity; new 3.7 GW plant 2026,2025,10,https://www.pv-tech.org/first-solar-to-open-new-3-7gw-us-manufacturing-plant-in-2026/,14.5 GW US capacity; $4B+ investment; new plants opening
Hanwha Qcells,solar-manufacturing,"Seoul, Korea / Dalton GA",Korea,Public,009830.KS,Integrated,A,$2.5B Cartersville GA fully integrated (3.3 GW); 8.4 GW total GA capacity; only NA company with full supply chain 2025,2025,10,https://us.qcells.com/blog/qcells-invests-2-5-billion-in-building-complete-solar-supply-chain-in-u-s/,$2.5B GA investment; only full US supply chain
Vulcan Elements,rare-earth-processing,Durham NC,,Private,,Magnet Manufacturing,A,"$918M investment + $620M DoD loan + 1,000 jobs in Benson NC — largest magnet factory outside China",Nov 2025,10,https://governor.nc.gov/news/press-releases/2025/11/18/governor-stein-announces-vulcan-elements-selects-johnston-county-1000-job-magnet-factory-investing-0,Your Benson facility will be world's largest non-China magnet factory — as you scale are additional facilities planned?
Intel,semiconductor,"Santa Clara, CA",USA,Public,INTC,Fabs,A,$8.5B CHIPS Act award; Fab 52 Chandler opened Oct 2025; $100B Ohio megafab (2 fabs); 18A process; Intel Foundry Services,2025,9,https://www.nist.gov/chips/intel-corporation-arizona-chandler,Ohio + Arizona expansion; IDM 2.0
GlobalFoundries,semiconductor,"Malta, NY",USA,Public,GFS,Fabs,A,$16B US investment Jun 2025; $1.5B CHIPS award; Malta NY 358K sqft new fab; Vermont modernization; advanced packaging center,2025-06,9,https://gf.com/gf-press-release/globalfoundries-announces-16b-u-s-investment-to-reshore-essential-chip-manufacturing-and-accelerate-ai-growth/,NY + Vermont expansion; mature node leader
Micron,semiconductor,"Boise, ID",USA,Public,MU,Fabs,A,$6.4B CHIPS funding; 2nd Boise fab announced Jun 2025; NY Clay megafab ($100B); Virginia expansion; HBM manufacturing in US,2025-06,9,https://investors.micron.com/news-releases/news-release-details/micron-and-trump-administration-announce-expanded-us-investments,Idaho + NY + VA expansion; HBM for AI
Texas Instruments,semiconductor,"Dallas, TX",USA,Public,TXN,Fabs,A,$60B+ across 7 fabs in Texas and Utah; Sherman TX fab opened Dec 2025; 300mm analog leader; largest foundational chip investment in US history,2025-12,9,https://www.ti.com/about-ti/newsroom/news-releases/2025/texas-instruments-begins-production-at-its-newest-300mm-semiconductor-manufacturing-facility-in-sherman-texas.html,Sherman producing; $60B commitment
Wolfspeed,semiconductor,"Durham, NC",USA,Public,WOLF,Fabs,A,World's largest SiC fab in Siler City NC (topped out Mar 2024); Marcy NY expansion; CHIPS preliminary terms Oct 2024; 59 SEC filings mentioning expansion/capacity,2024-2025,9,https://www.nist.gov/news-events/news/2024/10/biden-harris-administration-announces-preliminary-terms-wolfspeed-solidify,SiC leader; NC + NY expansion; HIGH SEC SIGNAL ACTIVITY
ASML,semiconductor,"Veldhoven, Netherlands / Wilton, CT",Netherlands,Public,ASML,Equipment (Front-End),A,$200M Connecticut expansion; 1000 new jobs; EUV monopoly; critical to all leading-edge fabs,2025,9,https://www.advancect.org/news-and-media/p/item/43734/asml-investing-200-million-in-connecticut-facility-adding-1000-jobs,Connecticut expansion; EUV monopoly
Ibiden,semiconductor,"Ogaki, Japan",Japan,Public,4062.T,Substrates,A,$3.3B investment over 3 years from FY2026; new Gifu factory late 2025; 40% AI server output boost,2025,9,https://www.digitimes.com/news/a20260204PD227/ibiden-expansion-capacity-production-plant.html,Gifu factory; $3.3B expansion
Rapidus,semiconductor,"Tokyo, Japan",Japan,Private,JV,Fabs,A,$5.4B subsidies FY2025; first 2nm GAA transistors Jul 2025; mass production 2027 target,2025,9,https://en.wikipedia.org/wiki/Rapidus,Japan 2nm fab; first chips 2025
Archer Aviation,aerospace,"San Jose, CA",USA,Public,ACHR,eVTOL,A,43 SEC filings re: expansion/manufacturing; FAA certification progress; Georgia manufacturing facility,2025-2026,9,https://www.sec.gov/cgi-bin/browse-edgar?CIK=1824502,Manufacturing scale-up underway; HIGH SEC SIGNAL ACTIVITY
Joby Aviation,aerospace,"Santa Cruz, CA",USA,Public,JOBY,eVTOL,A,36 SEC filings re: expansion; Toyota alliance; FAA certification on track; Marina CA manufacturing,2025-2026,9,https://www.sec.gov/cgi-bin/browse-edgar?CIK=1819848,Toyota-backed manufacturing; certification leader
Park Aerospace,aerospace,"Newton, KS",USA,Public,PKE,Hypersonics,A,$50M Midwest plant expansion to double capacity - LOCATION TBD,Jan 2026,9,https://seekingalpha.com/news/4538969-park-aerospace-plans-50m-manufacturing-expansion-to-double-capacity-as-demand-surges,Your $50M Midwest expansion - have you selected a site?
Stoke Space,space-industry,"Kent, WA",,Private,,Launch & Space Access,A,$510M Series D + $260M funding; scaling manufacturing for Nova reusable launch vehicle,2025-01,9,https://www.stokespace.com/stoke-space-technologies-raises-510-million-to-scale-manufacturing-of-fully-reusable-nova-launch-vehicle/,Manufacturing scale-up support; Kent facility expansion
Blue Origin,space-industry,"Kent, WA",,Private,,Launch & Space Access,A,New Titusville FL manufacturing facility (100 jobs); Central Texas ~$1B expansion planned,2025-09,9,https://www.floridatoday.com/story/tech/science/space/2025/09/26/blue-origin-future-titusville-manufacturing-facility-to-employ-100-workers-in-brevard-county-florida/86350571007/,Florida facility expansion; advanced manufacturing
Apex Space,space-industry,"Los Angeles, CA",,Private,,Spacecraft & Satellite Systems,A,"$200M Series C (April 2025); Factory One scaling to 100,000 sq ft; 200+ buses/year capacity",2025-04,9,https://www.prnewswire.com/news-releases/apex-raises-200-million-in-series-c-funding-to-increase-productized-satellite-bus-manufacturing-302440649.html,High-rate satellite manufacturing support; LA expansion
Muon Space,space-industry,"San Jose, CA",,Private,,Spacecraft & Satellite Systems,A,"$146M Series B (June 2025); new 70,000 sq ft facility (10x expansion); acquired Starlight propulsion",2025-06,9,https://www.prnewswire.com/news-releases/muon-space-completes-146-million-series-b-to-scale-satellite-constellations-for-defense-and-commercial-missions-302479524.html,San Jose manufacturing expansion; cleanroom capacity
Impulse Space,space-industry,"Redondo Beach, CA",,Private,,In-Space Services Logistics & Safety,A,$300M Series C (June 2025); NASA orbital transfer contract; scaling manufacturing,2025-06,9,https://www.impulsespace.com/updates/impulse-space-secures-300-million-dollar-series-c-to-accelerate-the-future-of-in-space-mobility,Manufacturing scale-up; Mojave test facility
Ursa Major,space-industry,"Berthoud, CO",,Private,,Launch & Space Access,A,$14.5M R&D center in Youngstown OH (July 2024); $138M Series D; $25M DoD joint investment,2024-07,9,https://executivebiz.com/2024/07/ursa-major-to-build-new-rocket-propulsion-tech-randd-center-in-ohio/,Ohio expansion opportunity; DoD propulsion growth
Eaton,grid-transmission,"Dublin, Ireland",Ireland,Public,ETN,Transformers + Switchgear,A,$340M Jonesville SC 3rd transformer facility Feb 2025; $1B+ NA investment since 2023; production 2027,2025,9,https://www.eaton.com/us/en-us/company/news-insights/news-releases/2025/eaton-invests-in-new-south-carolina-transformer-manufacturing.html,$340M SC transformer plant; $1B+ since 2023
Prolec GE,grid-transmission,"Monterrey, Mexico",Mexico,JV,Xignux + GE,Transformers,A,$140M North Carolina facility 2025 doubling capacity; acquired SPX Waukesha; 144K sqft NC plant,2025,9,https://finance.yahoo.com/news/u-transformers-industry-research-report-080100983.html,$140M NC + Waukesha facilities
Virginia Transformer Corp,grid-transmission,"Roanoke, VA",USA,Private,,Transformers,A,Largest US-owned transformer maker; 6 facilities (Roanoke + Troutville VA + Rincon GA + Pocatello ID); IPM production,2025,9,https://en.wikipedia.org/wiki/Virginia_Transformer_Corporation,Largest US-owned; 6 facilities
Hyosung Heavy Industries,grid-transmission,"Seoul, Korea",Korea,Public,298040.KS,Transformers,A,Hyosung HICO Memphis TN expanding Nov 2025 (2nd time in 6 months); doubling US output to 150 units/year; $720B won investment,2025,9,https://www.kedglobal.com/energy/newsView/ked202503030002,Memphis TN doubling capacity
TMEIC,grid-transmission,"Houston, TX",USA,JV,Toshiba + Mitsubishi,Inverters,A,9 GW Texas solar inverter factory opened Nov 2024; 144K sqft Westport facility; 300+ inverters by Feb 2025; HQ moving to Houston,2025,9,https://pv-magazine-usa.com/2024/08/23/tmeic-announces-9-gw-utility-scale-solar-inverter-factory-in-texas/,Texas 9 GW solar inverter factory
Generac Power Systems,grid-transmission,"Waukesha, WI",USA,Public,GNRC,Generator Sets,A,345K sqft Beaver Dam facility Jul 2025; Sussex WI C&I expansion Jan 2026; megawatt-scale data center gensets,2025,9,https://investors.generac.com/news-releases/news-release-details/generac-expands-its-commercial-industrial-manufacturing,Wisconsin expansion; data center gensets
Siemens Energy Gas,grid-transmission,"Houston, TX",USA,Public,ENR.DE,Gas Turbines,A,$1B US investment; NC transformer + FL/AL/NY/TX gas turbine expansion; SGT6-9000HL for Texas data centers,2025,9,https://www.power-eng.com/gas/turbines/siemens-energy-to-invest-1b-in-u-s-manufacturing-as-grid-gas-turbine-demand-rises/,$1B US investment; multi-state expansion
Figure AI,robotics-oem,San Jose CA,,Private,,Humanoid Robots,A,$1B+ Series C at $39B valuation + BotQ manufacturing facility buildout,Sep 2025,9,https://www.figure.ai/news/series-c,Your $1B raise and BotQ manufacturing buildout position you as humanoid leader — considering production expansion beyond California?
RobCo,robotics-oem,Munich Germany,,Private,,Industrial Automation (RaaS),A,$100M Series C + US expansion (SF HQ + Austin manufacturing),Jan 2026,9,https://theaiinsider.tech/2026/01/30/robco-raises-100m-in-series-c-funding-to-scale-its-autonomous-industrial-robotics-platform/,Your $100M raise and US expansion signal rapid growth — as you scale beyond Austin have you considered Midwest manufacturing regions?
ABB Robotics,robotics-international-v3,"Zurich, Switzerland / Västerås, Sweden",Switzerland,Public,ABBN.SW,Industrial Robotics,A,$280M Sweden robotics hub investment; 50% capacity expansion; potential 2025 spinoff,2024-2025,9,https://new.abb.com/news/detail/107115/abb-to-invest-280-million-in-its-european-robotics-hub-in-sweden,Swedish hub expansion; potential spinoff
Panasonic Energy,battery-expanded,"Osaka, Japan / De Soto KS",Japan,Public,6752.T,EV Battery,A,Kansas De Soto factory opened Jul 2025; Nevada 38 GWh; 19B+ cells to Tesla; 2170 format leader,2025-07,9,https://energy.na.panasonic.com/news/powering-progress-panasonics-new-ev-battery-facility,Kansas factory opens; Tesla primary supplier
Form Energy,battery-expanded,"Somerville, MA / Weirton WV",USA,Private,,Grid Storage,A,$900M+ Series E 2025; West Virginia gigafactory construction; 100+ hour storage; multi-day grid storage pioneer,2025,9,https://storm4.com/resources/industry-insights/energy-storage-startups-us/,Your West Virginia gigafactory and iron-air breakthrough redefine grid storage economics
Mitra Chem,battery-expanded,"Mountain View, CA",USA,Private,,Materials,A,$14.5B Series B (largest battery startup round); LFP cathode manufacturing; US cathode capacity,Mar 2025,9,https://fundraiseinsider.com/blog/series-b-startups/,Your record $14.5B raise signals domestic cathode material manufacturing at scale
Thyssenkrupp Nucera,hydrogen-energy,"Dortmund, Germany",Germany,Public,NCH2.DE,Electrolyzers,A,3+ GW electrolyzer capacity supplying; 110 NEOM modules completed; 2 GW Air Products Saudi order,2025,9,https://za.investing.com/news/company-news/thyssenkrupp-nucera-q4-2025-slides-delivers-on-targets-amid-green-hydrogen-headwinds-93CH-4032579,NEOM 110 modules completed; 3+ GW delivered
Kairos Power,smr-nuclear,"Alameda, CA",USA,Private,,SMR Developer,A,Hermes reactor nuclear construction started May 2025 in Oak Ridge TN; first commercial reactor next decade,2025,9,https://kairospower.com/external_updates/kairos-power-begins-nuclear-construction-of-hermes-demonstration-reactor/,Hermes TN reactor under construction
Holtec International,smr-nuclear,"Camden, NJ",USA,Private,,SMR Developer,A,$400M DOE funding Dec 2025; SMR-300 multi-site deployment; Palisades plant restart,2025,9,https://world-nuclear-news.org/articles/two-smr-projects-selected-for-us-federal-funding,$400M DOE; fleet-scale model
Enphase Energy,solar-manufacturing,"Fremont, CA",USA,Public,ENPH,Inverters,A,US microinverter manufacturing; IQ9 with GaN launching 2025; batteries + EV chargers; domestic content,2025,9,https://www.solarpowerworldonline.com/2024/09/inverter-manufacturers-highlight-higher-domestic-content-at-re-2024/,US microinverter leader; IQ9 GaN launch 2025
Nextracker,solar-manufacturing,"Fremont, CA",USA,Public,NXT,Trackers,A,28.5 GW shipped 2024; 100 GW cumulative milestone; US manufacturing; 35 GW annual capacity across 6 plants,2024,9,https://www.globenewswire.com/news-release/2025/11/04/3180573/0/en/Solar-Tracker-Market-to-Reach-US-32-43-Billion-by-2033-Astute-Analytica.html,#1 tracker globally; 100 GW shipped
Noveon Magnetics,rare-earth-processing,San Marcos TX,,Private,,Magnet Manufacturing + Recycling,A,$215M Series C led by OneIM ($200M) to expand US rare earth magnet manufacturing capacity,Jan 2026,9,https://www.prnewswire.com/news-releases/noveon-magnetics-completes-215-million-series-c-to-expand-us-rare-earth-magnet-manufacturing-capacity-302664196.html,Your $215M raise to expand magnet capacity signals rapid growth — are you evaluating additional production sites?
Applied Materials,semiconductor,"Santa Clara, CA",USA,Public,AMAT,Equipment (Front-End),A,$200M Arizona investment; $400M+ US expansion; Apple partnership; 6th consecutive growth year FY2025,2025,8,https://www.trendforce.com/news/2025/09/02/news-applied-materials-reportedly-sees-limited-u-s-incentive-effect-offers-nuanced-view-on-china/,Arizona expansion; Apple partnership
Lam Research,semiconductor,"Fremont, CA",USA,Public,LRCX,Equipment (Front-End),A,$65M Oregon Tualatin facility opened Nov 2025; 700 workers; R&D expansion for AI chips,2025-11,8,https://www.oregonlive.com/silicon-forest/2025/11/lam-research-opens-65-million-tualatin-office-with-room-for-700-workers.html,Oregon R&D expansion
Tokyo Electron,semiconductor,"Tokyo, Japan / Austin, TX",Japan,Public,8035.T,Equipment (Front-End),A,$170M US chip equipment facility 2025; aiming for US production parity with Japan,2025,8,https://asia.nikkei.com/business/tech/semiconductors/tokyo-electron-aims-to-boost-us-manufacturing-to-same-level-as-japan,US manufacturing ramp; Austin HQ
Entegris,semiconductor,"Billerica, MA",USA,Public,ENTG,Materials,A,$1.4B total US investment; $700M R&D; $600M Colorado Springs manufacturing; Aurora IL tech center,2025,8,https://evertiq.com/news/2025-08-22-entegris-announces-700-million-investment-in-us,Colorado + Illinois expansion; $1.4B US commitment
SkyWater Technology,semiconductor,"Bloomington, MN",USA,Public,SKYT,Fabs,A,$16M CHIPS funding Dec 2024; acquiring Infineon Austin fab Feb 2025 for 65-130nm capacity; US-only trusted foundry for defense/aerospace,2025-02,8,https://www.skywatertechnology.com/skywater-to-acquire-infineons-austin-fab-and-establish-strategic-partnership-to-expand-u-s-foundry-capacity-for-foundational-chips/,Austin acquisition; defense foundry
Coherent (II-VI),semiconductor,"Saxonburg, PA",USA,Public,COHR,Substrates,A,$1B investment from Denso/Mitsubishi; PA factory to 1M 150mm SiC equivalents by 2027; $33M CHIPS funding Dec 2024,2024,8,https://www.coherent.com/news/press-releases/ii-vi-incorporated-accelerates-investment-in-silicon-carbide-substrate-and-epitaxial-wafer-manufacturing-with-large-scale-factory-expansions-in-pennsylvania-and-sweden,PA SiC expansion; $1B strategic investment
Powertech Technology (PTI),semiconductor,"Taoyuan, Taiwan",Taiwan,Public,6239.TW,OSAT,A,$1B FOPLP expansion by 2026; 6000-7000 WPM capacity; panel-level packaging leader; full bookings,2025-10,8,https://www.digitimes.com/news/a20251029PD215/pti-foplp-packaging-expansion-testing.html,$1B panel-level packaging expansion
King Yuan Electronics (KYEC),semiconductor,"Hsinchu, Taiwan",Taiwan,Public,2449.TW,Testing,A,Singapore expansion accelerating; triple AI chip testing contracts; capex increased to NT$12.3B,2025,8,https://www.digitimes.com/news/a20251222PD210/expansion-king-yuan-testing-kyec-ai-chip.html,Singapore expansion; AI chip testing surge
UMC,semiconductor,"Hsinchu, Taiwan",Taiwan,Public,2303.TW,Fabs,A,New Singapore fab Phase 3 opening Apr 2025; 22nm production 2026; 700 new jobs; Intel 12nm collaboration,2025-04,8,https://www.umc.com/en/News/press_release/Content/corporate/20250401,Singapore fab expansion; Intel partnership
AGC Inc,semiconductor,"Tokyo, Japan",Japan,Public,5201.T,Materials,A,59% EUV mask blank market share; 30% capacity expansion by 2025; ¥40B sales target,2025,8,https://www.agc.com/en/news/detail/1203819_2814.html,EUV mask blanks leader
Substrate,semiconductor,"San Francisco, CA",USA,Private,,Equipment (Front-End),A,$100M seed from Founders Fund + In-Q-Tel; building X-ray lithography equipment; US manufacturing,2025,8,https://www.wsj.com/tech/peter-thiel-backed-startup-secures-100-million-to-make-chips-in-u-s-baff93ac,Thiel-backed; US lithography alternative
Beta Technologies,aerospace,"Burlington, VT",USA,Private,,eVTOL,A,Charging network buildout; UPS partnership; Vermont manufacturing facility expansion,2025,8,https://beta.team/news/,Cargo-first approach; charging infrastructure
Eve Air Mobility,aerospace,"Melbourne, FL",USA/Brazil,Public,EVEX,eVTOL,A,17 SEC filings; Embraer backing; $5B+ order backlog; US manufacturing planned,2025-2026,8,https://www.sec.gov/cgi-bin/browse-edgar?CIK=1823652,Embraer aerospace expertise; strong backlog
X-Bow Systems,aerospace,"Albuquerque, NM",USA,Private,,Hypersonics,A,DoD contract expansion + Texas campus expansion,Dec 2024,8,https://www.prnewswire.com/news-releases/x-bow-to-receive-additional-funding-for-expansion-of-dod-contract-for-hypersonic-solid-rocket-motor-development-302337560.html,DoD expanding your SRM contract - scaling fast on Texas campus
True Anomaly,space-industry,"Colorado Springs, CO",,Private,,Data Software & Space Intelligence,A,"90,000 sq ft Long Beach factory expansion; rapid growth in space defense",2025-02,8,https://www.trueanomaly.space/newsroom/true-anomaly-announces-significant-expansion-into-california-with-long-beach-campus,California manufacturing expansion; defense tech growth
Umbra,space-industry,"Santa Barbara, CA",,Private,,Earth Observation Sensing & Geospatial Intelligence,A,"New 50,000 sq ft Southern California manufacturing facility (June 2025); new Space Systems business",2025-06,8,https://umbra.space/blog/umbra-expands-u-s-production-capacity-with-move-to-new-50000-sq-ft-manufacturing-facility/,SAR manufacturing expansion; satellite components sales
Planet Labs,space-industry,"San Francisco, CA",,Public,PL,Earth Observation Sensing & Geospatial Intelligence,A,New Berlin satellite manufacturing facility (Sept 2025); doubling Pelican production capacity,2025-09,8,https://www.businesswire.com/news/home/20250925738688/en/Planet-to-Open-New-Satellite-Manufacturing-Facility-in-Berlin,European manufacturing expansion; German government partnership
ICEYE,space-industry,"Espoo, Finland",,Private,,Earth Observation Sensing & Geospatial Intelligence,A,JV with Rheinmetall for SAR manufacturing at Neuss Germany (Q2 2026); Spain manufacturing center; UAE JV,2025-05,8,https://www.janes.com/osint-insights/defence-news/air/rheinmetall-and-iceye-to-establish-joint-sar-satellite-production,European defense manufacturing; multi-country expansion
Isar Aerospace,space-industry,"Munich, Germany",,Private,,Launch & Space Access,A,€150M convertible bond (June 2025); Munich production expansion; €220M+ Series C with NATO,2025-06,8,https://europeanspaceflight.com/isar-aerospace-raises-e150m-through-convertible-bond-agreement/,European launch manufacturing; Munich facility growth
Firefly Aerospace,space-industry,"Cedar Park, TX",,Private,,Launch & Space Access,A,"Doubled Briggs TX facility to 207,000 sq ft (Feb 2024); Rocket Ranch expansion",2024-02,8,https://fireflyspace.com/news/firefly-aerospace-doubles-facilities-in-briggs-texas-to-support-medium-launch-vehicle/,Texas manufacturing expansion; central Texas aerospace
Rocket Lab,space-industry,"Long Beach, CA",,Public,RKLB,Launch & Space Access,A,New Space Structures Complex in Baltimore County MD; expanded semiconductor manufacturing (Aug 2025),2025-08,8,https://www.businesswire.com/news/home/20250822243590/en/Rocket-Lab-Announces-Expanded-U.S.-Investments-for-National-Security-Programs-and-Semiconductor-Manufacturing,Maryland facility expansion; national security space programs
Relativity Space,space-industry,"Long Beach, CA",,Private,,Launch & Space Access,A,Flight production started; new horizontal integration facility at launch site; SES contract expansion,2025-03,8,https://www.relativityspace.com/press-release/2025/3/7/rycbar123,Launch infrastructure expansion; 3D printed rockets
Morpheus Space,space-industry,"Dresden, Germany",,Private,,Spacecraft Components & Subsystems,A,$15M strategic investment (Feb 2026); Reloaded Facility expansion in Dresden; targeting 100 units,2026-02,8,https://www.prnewswire.com/news-releases/morpheus-space-secures-a-15-million-strategic-investment-to-accelerate-mass-production-expansion-302678253.html,European propulsion manufacturing; Dresden expansion
Siemens Energy,grid-transmission,"Munich, Germany",Germany,Public,ENR.DE,Transformers + Grid,A,US transformer factory expansion; dry-transformer facilities; grid solutions growth,2025,8,https://www.npcelectric.com/news/transformer-market-2025-performance-and-2026-outlook.html,US manufacturing expansion
GE Vernova,grid-transmission,"Cambridge, MA",USA,Public,GEV,Grid Solutions,A,$20M Charleroi PA switchgear + Clearwater FL expansion; HVDC expertise; utility-scale grid solutions,2025,8,https://www.reuters.com/business/energy/grid-equipment-makers-invest-us-ease-supply-shortage--reeii-2025-12-02/,PA + FL grid expansion
ABB,grid-transmission,"Zurich, Switzerland",Switzerland,Public,ABBN.SW,Switchgear + Transformers,A,US low-voltage switchgear capacity expansion; SEAM acquisition 2024; domestic production ramp,2025,8,https://switchgear-magazine.com/tm-news/business/data-centers-surge-but-u-s-grid-faces-hardware-bottlenecks/,US switchgear manufacturing expansion
SPX Transformer Solutions,grid-transmission,"Waukesha, WI",USA,Private,,Transformers,A,$70M Waukesha expansion; Goldsboro NC 50th anniversary; 1200+ US employees; 5-1200 MVA up to 345kV,2025,8,https://www.spx.com/spx-transformer-solutions-goldsboro-north-carolina-facility-celebrates-50th-anniversary/,Waukesha + Goldsboro manufacturing
WEG Transformers USA,grid-transmission,"Washington, MO",Brazil,Public,WEGE3.SA,Transformers,A,$77M 5th NA factory expansion Sept 2025; 3 Missouri facilities; acquired CG Power USA; wind/solar focus,2025,8,https://www.missourinet.com/2025/09/23/washington-missouri-lands-major-expansion-from-weg-transformers/,$77M Missouri expansion; 5th NA factory
Enel North America,grid-transmission,"Andover, MA",USA,Public,ENEL.MI,Grid-Scale Storage,A,10+ GW US capacity; 1.3 GW Texas BESS; 520 MW/780 MWh operational storage; tripled TX capacity 2023,2025,8,https://www.enelnorthamerica.com/about-us/newsroom/search-press/press/2024/03/enel-10gw,10+ GW US; 1.3 GW Texas storage
Rehlko (Kohler Energy),grid-transmission,"Kohler, WI",USA,Private,Platinum Equity,Generator Sets,A,Rebranded from Kohler Energy Sep 2024; Mosel WI site redesigned; expanding industrial generators; Milwaukee area HQ,2025,8,https://www.rehlko.com/kohler-energy-is-now-rehlko,Rebranded; WI industrial expansion
Mitsubishi Power,grid-transmission,"Savannah, GA",USA,Public,7011.T,Gas Turbines,A,Savannah GA manufacturing; JAC turbine most efficient; Takasago Hydrogen Park verification; 4M+ operating hours,2025,8,https://power.mhi.com/regions/amer/products/gas-turbines,Savannah GA manufacturing; JAC turbine
HD Hyundai Robotics,robotics-international-v3,"Seongnam, South Korea",Korea,Private,,Industrial Robotics,A,$144M raise for AI-powered robots; part of Hyundai $26B US investment,2025-08,8,https://www.kedglobal.com/robotics/newsView/ked202508250006,Hyundai US investment; AI robotics expansion
Fluence Energy,battery-expanded,"Arlington, VA",USA,Public,FLNC,Grid Storage,A,Arizona manufacturing open; Houston thermal; $700M US investment; 1200+ jobs; 2.2 GWh Excelsior deal,2025,8,https://ir.fluenceenergy.com/news-releases/news-release-details/fluence-expands-us-manufacturing-footprint-enclosure-and-battery,Multi-site US manufacturing; Siemens/AES heritage
Ford Energy,battery-expanded,"Dearborn, MI / Marshall MI",USA,Public,F,Grid Storage + Data Center,A,$2B BlueOval Battery Park Marshall; pivoting to grid/data center; 20 GWh capacity; CATL LFP tech,2025-2026,8,https://finance.yahoo.com/news/ford-starting-battery-storage-business-211745514.html,Data center + grid storage pivot with CATL tech
Verkor,battery-expanded,"Grenoble, France / Dunkirk FR",France,Private,,EV Battery,A,€2.1B debt + equity inc $900M Series C; Dunkirk 16 GWh gigafactory inaugurated; Renault 20% stake,2025,8,https://verkor.com/en/,Your Dunkirk gigafactory and Renault partnership anchor European EV battery production
Plug Power,hydrogen-energy,"Latham, NY",USA,Public,PLUG,Electrolyzers + Fuel Cells,A,95+ MW electrolyzer capacity delivered; 100MW Galp Portugal project; Georgia + Tennessee production facilities,2025,8,https://www.plugpower.com/plug-power-2025-a-year-of-momentum-milestones-and-meaningful-progress/,US electrolyzer leader; GA + TN manufacturing
Nel ASA,hydrogen-energy,"Oslo, Norway",Norway,Public,NEL.OL,Electrolyzers,A,Acquired Green Hydrogen Systems assets Jun 2025; alkaline + PEM technology; scaling production,2025,8,https://www.marketsandmarkets.com/ResearchInsight/electrolyzers-market.asp,GHS acquisition; dual technology leader
Electric Hydrogen,hydrogen-energy,"Natick, MA",USA,Private,,Electrolyzers,A,$220M+ raised; 1 GW/year stack production target; HIF Texas e-Fuels project supplier,2025,8,https://eh2.com/,HIF Texas contract; GW-scale production
Ohmium,hydrogen-energy,"Fremont, CA",USA,Private,,Electrolyzers,A,$250M Series C from TPG; modular PEM systems; rapid production ramp,2024,8,https://pubs.acs.org/doi/10.1021/cen-10115-buscon7,$250M Series C; production scaling
Centrus Energy,smr-nuclear,"Bethesda, MD",USA,Public,LEU,Fuel,A,First US HALEU production Oct 2023; DOE contract expansion; critical for advanced reactors,2024-2025,8,https://www.centrusenergy.com/,Only US HALEU producer; essential for SMRs
Canadian Solar,solar-manufacturing,"Guelph, ON Canada / Mesquite TX",Canada,Public,CSIQ,Integrated,A,3 US facilities: modules + cells + e-STORAGE; $3.2B backlog; 81 GWh storage pipeline; Texas expansion,2025,8,https://investors.canadiansolar.com/news-releases/news-release-details/canadian-solar-reports-fourth-quarter-and-full-year-2024-results,$3.2B backlog; modules + cells + storage US manufacturing
Illuminate USA (LONGi),solar-manufacturing,"Pataskala, OH",USA,Private,LONGi JV,Modules,A,"$600M investment; 5 GW Ohio factory; 1,000 workers; full capacity end 2024",2024,8,https://finance.yahoo.com/news/factbox-chinese-owned-solar-factories-100904217.html,$600M Ohio factory; LONGi JV
Enel 3Sun,solar-manufacturing,"Rome, Italy / Sicily + US TBD",Italy,Public,ENEL.MI,Cells + Modules,A,€560M Sicily 3 GW gigafactory (Europe's largest); US 3 GW plant announced; HJT technology,2024,8,https://www.eib.org/en/press/all/2024-020-europe-s-biggest-solar-gigafactory-3sun-secures-eur560-million-financing-from-eib-and-pool-of-italian-banks-led-by-unicredit-and-backed-by-sace,€560M Sicily gigafactory; US plant coming
Suniva,solar-manufacturing,"Norcross, GA",USA,Private,,Cells,A,Georgia cell factory restarted Nov 2024 (1 GW); scaling to 2.5 GW; first US cell production restart,2024,8,https://www.reuters.com/business/energy/solar-manufacturer-suniva-resumes-production-american-made-cells-2024-11-08/,US cell manufacturing restarted
Boviet Solar,solar-manufacturing,"Ho Chi Minh City, Vietnam / Greenville NC",Vietnam,Private,,Cells + Modules,A,3 GW North Carolina module + cell facility expansion Sept 2025; fully integrated US manufacturing,2025,8,https://www.solarpowerworldonline.com/2025/09/boviet-solar-adds-another-gigawatt-of-capacity-at-nc-solar-panel-manufacturing-facility/,3 GW NC integrated cell + module facility
ES Foundry,solar-manufacturing,"Columbia, SC",USA,Private,,Cells,A,1 GW South Carolina cell factory opened Jan 2025; second US cell manufacturer; domestic content,2025,8,https://solartechonline.com/blog/us-solar-manufacturing-guide/,Second US cell manufacturer; SC factory
SolarEdge Technologies,solar-manufacturing,"Herzliya, Israel / Texas + Florida",Israel,Public,SEDG,Inverters,A,Texas inverters + Florida optimizers + Utah batteries; 8M optimizers/quarter capacity; domestic content,2025,8,https://investors.solaredge.com/news-releases/news-release-details/solaredge-marks-milestones-us-manufacturing-strategy-achieving,TX + FL + UT US manufacturing; 45X credits
Array Technologies,solar-manufacturing,"Albuquerque, NM",USA,Public,ARRY,Trackers,A,100% domestic content trackers H1 2025; Albuquerque NM factory construction; #3 global tracker,2025,8,https://www.pv-tech.org/array-on-course-to-deliver-100-domestic-content-pv-tracker-in-h1-2025/,100% US domestic content 2025; NM factory
ON Semiconductor,semiconductor,"Scottsdale, AZ",USA,Public,ON,Fabs,A,SiC fab expansion South Korea completed; US CHIPS funding for SiC epitaxial expansion,2024-2025,7,https://www.semiconductors.org/chip-supply-chain-investments/,SiC power semiconductor expansion
Axcelis Technologies,semiconductor,"Beverly, MA",USA,Public,ACLS,Equipment (Front-End),A,Purion Power Series+ launched Sept 2025 for SiC; $6B market opportunity by 2030; 4 SEC filings re: expansion,2025-09,7,https://investor.axcelis.com/news-releases/news-release-details/axcelis-announces-launch-companys-new-purion-power-series-ion,SiC ion implant leader; new platform
Amkor Technology,semiconductor,"Tempe, AZ",USA,Public,AMKR,OSAT,A,Arizona facility expansion; advanced packaging for AI/HPC,2024-2025,7,https://www.amkor.com/,US advanced packaging leader
X-FAB,semiconductor,"Lubbock, TX / Erfurt, Germany",Germany,Public,XFAB,Fabs,A,$50M CHIPS funding Dec 2024; only high-volume SiC foundry in USA; Lubbock TX expansion,2024-12,7,https://www.nist.gov/chips/x-fab-texas-lubbock,Only US SiC foundry; Lubbock expansion
Ajinomoto,semiconductor,"Tokyo, Japan",Japan,Public,2802.T,Materials,A,JPY 25B ($166M) investment by 2030; 50% ABF capacity expansion; CEO is ABF inventor,2025,7,https://www.trendforce.com/news/2025/04/01/news-japanese-firm-ajinomoto-to-invest-jpy-25-billion-by-2030-to-expand-abf-production-for-advanced-packaging/,ABF film 50% expansion
Unimicron,semiconductor,"Taoyuan, Taiwan",Taiwan,Public,3037.TW,Substrates,A,UMC-backed expansion; aims to surpass Japanese by 2025; double-digit revenue growth 2024; high-end substrate focus,2025,7,https://www.digitimes.com/news/a20251217PD240/umc-unimicron-ic-substrate-demand-investment.html,High-end substrate market leader push
Renesas Electronics,semiconductor,"Tokyo, Japan",Japan,Public,6723.T,Fabs,A,Kofu fab reopened for power semis 2024; SiC production end 2024; acquired Transphorm GaN,2024-2025,7,https://www.datacenterdynamics.com/en/news/renesas-reopens-previously-shuttered-japanese-chip-fab/,Kofu fab reopened; SiC + GaN expansion
Tower Semiconductor,semiconductor,"Migdal HaEmek, Israel",Israel,Public,TSEM,Fabs,A,Intel New Mexico partnership; ST Italy joint facility qualified Q4 2024; $300M investment in Intel fab tools,2024,7,https://newsroom.intel.com/intel-foundry/sept-2023-manufacturing-news,Intel partnership; specialty foundry expansion
Vishay Intertechnology,semiconductor,"Malvern, PA",USA,Public,VSH,Fabs,A,Acquired Newport Wafer Fab UK $177M Mar 2024; £51M UK investment Nov 2024; accelerates SiC plans,2024,7,https://ir.vishay.com/news-releases/news-release-details/vishay-intertechnology-acquires-nexperias-newport-wafer-fab-177,UK Newport Fab acquisition + investment
Toppan / Tekscend Photomask,semiconductor,"Tokyo, Japan",Japan,Public,7911.T,Materials,A,$2B IPO for Tekscend spinoff 2025; IBM EUV R&D partnership 5-year; FC-BGA substrate expansion,2025,7,https://www.reuters.com/technology/tekscend-photomask-targets-2-billion-valuation-japan-ipo-sources-say-2025-08-26/,Tekscend IPO; IBM partnership
Siltronic,semiconductor,"Munich, Germany",Germany,Public,WAF.DE,Materials,A,EUR 136M Germany expansion; Burghausen + Freiberg; 225 new jobs; new 300mm Freiberg plant,2024-2025,7,https://www.siltronic.com/en/press/press-releases/siltronic-expands-300-mm-production-in-germany.html,Germany 300mm expansion
Hitachi High-Tech,semiconductor,"Tokyo, Japan",Japan,Public,Hitachi,Equipment (Front-End),A,New Kasado production facility completed 2025; etching systems expansion,2025,7,https://www.hitachi.com/New/cnews/month/2023/04/230418a.html,New Japan production facility
Soulbrain,semiconductor,"Seongnam, South Korea",Korea,Public,357780.KQ,Materials,A,$175M Taylor Texas plant for Samsung; high-purity phosphoric acid; construction Jan 2025,2025,7,https://www.statesman.com/story/news/local/2024/07/29/samsung-semiconductors-plant-taylor-texas-south-korean-company-soulbrain-tx-llc-invest/74562610007/,Taylor TX plant for Samsung
ams-OSRAM,semiconductor,"Premstätten, Austria",Austria,Public,AMS.SW,Fabs,A,€227M EU Chips Act funding Feb 2025; €567M investment by 2030; Austria expansion,2025,7,https://ams-osram.com/news/press-releases/european-chips-act,Austria fab expansion; EU Chips Act
SUSS MicroTec,semiconductor,"Garching, Germany",Germany,Public,SMHN.DE,Equipment (Front-End),A,AI chip module capacity expansion; multi-year growth cycle; CMD 2025 targets,2025,7,https://www.suss.com/en,AI packaging equipment growth
VAT Group,semiconductor,"Haag, Switzerland",Switzerland,Public,VACN.SW,Equipment (Front-End),A,New R&D center April 2025; Haag production expansion for European customers,2025,7,https://www.vatgroup.com/investor-relations/group-results,New R&D center; European production
d-Matrix,semiconductor,"Santa Clara, CA",USA,Private,,Fabless,B,$275M Series C Dec 2025; digital in-memory compute; $450M total raised; global expansion,2025,7,https://www.d-matrix.ai/announcements/d-matrix-raises-275-million-to-power-the-age-of-ai-inference/,Large-scale AI deployments
Rebellions,semiconductor,"Seongnam, South Korea",Korea,Private,,Fabless,B,$250M Series C; ARM + Samsung backed; mass production accelerating,2025,7,https://rebellions.ai/newsroom/rebellions-raises-250-million-to-advance-the-next-generation-ai-infrastructure-backed-by-arm-and-samsung/,Korean AI chip unicorn
Venus Aerospace,aerospace,"Houston, TX",USA,Private,,Hypersonics,A,Lockheed Martin Ventures investment + May 2025 RDRE flight test,Oct 2025,7,https://spacenews.com/lockheed-martin-ventures-invests-in-rocket-propulsion-startup-venus-aerospace/,Lockheed investment validates your rotating detonation engine breakthrough
L3Harris,aerospace,"Melbourne, FL",USA,Public,LHX,Hypersonics,A,$22M GAMMA-H scramjet + Zeus motor production increase to 60 units,2024-2025,7,https://www.l3harris.com/newsroom/press-release/2025/12/l3harris-receives-letter-intent-kratos-defense-production-large,Scramjet and motor production signals growing demand
York Space Systems,space-industry,"Denver, CO",,Private,,Spacecraft & Satellite Systems,A,"4th production facility (Potomac) adding 60,000 sq ft; 1,000+ spacecraft/year capacity",2023-08,7,https://www.prnewswire.com/news-releases/construction-of-york-space-systems-fourth-production-facility-is-complete-doubling-production-capacity-to-meet-growing-commercial-and-government-demand-301895989.html,Denver satellite manufacturing; high-rate production
Terran Orbital,space-industry,"Irvine, CA",,Public,LLAP,Spacecraft & Satellite Systems,A,"Acquired by Lockheed Martin (Aug 2024); 98,000 sq ft manufacturing facility",2024-08,7,https://news.lockheedmartin.com/2024-08-15-Lockheed-Martin-to-Acquire-Terran-Orbital,Lockheed integration support; advanced satellite manufacturing
Astranis,space-industry,"San Francisco, CA",,Private,,Spacecraft Components & Subsystems,A,4 MicroGEO satellites launched (Dec 2024); $8M USSF contract; scaling manufacturing capacity,2024-12,7,https://spacenews.com/four-satellite-astranis-launch-signals-shift-toward-scaled-geo-deployments/,GEO satellite manufacturing scale-up; 400+ employees
Orbex,space-industry,"Forres, Scotland",,Private,,Launch & Space Access,A,£20M UK government investment (Jan 2025); London base + Scotland HQ expansion,2025-01,7,https://www.scotsman.com/business/all-systems-go-for-ground-breaking-rocket-launch-after-scotlands-orbex-secures-ps20m-boost-4964379,UK launch manufacturing; Scottish aerospace growth
Benchmark Space Systems,space-industry,"Burlington, VT",,Private,,Spacecraft Components & Subsystems,A,"40,000 sq ft facility in Burlington VT; tripled production capacity; UK expansion",2024,7,https://www.benchmarkspacesystems.com/news/post/press-release-benchmark-space-systems-triples-propulsion-system-production-capacity-doubles-personnel-to-meet-thruster-and-in-space-mobility-demand,Vermont propulsion manufacturing; UK Westcott expansion
Orbit Fab,space-industry,"Lafayette, CO",,Private,,In-Space Services Logistics & Safety,A,$28.5M Series A; expanding manufacturing; 3 launches for US government 2025; UK £2M investment,2024-07,7,https://www.orbitfab.com/news/uk-refueling-innovation/,Space refueling infrastructure; Colorado manufacturing
Resilient Structures,grid-transmission,"Houston, TX",USA,Private,,Utility Structures,B,Houston factory opened Jul 2024; composite utility poles; CenterPoint largest customer; 30 countries,2024,7,https://www.houstonchronicle.com/business/energy/article/electric-transmission-pole-resilient-19507283.php,Houston composite pole factory
Agility Robotics,robotics-oem,Corvallis OR,,Private,,Humanoid Robots (Logistics),A,RoboFab facility in Salem OR producing Digit; capacity for 10K units/year,2023-2025,7,https://spectrum.ieee.org/agility-humanoid-robotics-factory,Your RoboFab facility and Amazon/GXO partnerships show strong demand — planning additional production capacity?
Eos Energy,battery-expanded,"Pittsburgh, PA",USA,Public,EOSE,Long-Duration Storage,A,$353M DOE loan; Turtle Creek automation expansion; HQ move to Pittsburgh; 735 jobs,2024-2025,7,https://dced.pa.gov/newsroom/governor-shapiro-secures-nearly-353-million-investment-from-eos-energy/,DOE-backed zinc battery expansion
Verdagy,hydrogen-energy,"Moss Landing, CA",USA,Private,,Electrolyzers,B,Advanced Water Electrolysis technology; IRA-driven US focus; production ramp 2024,2024,7,https://www.latitudemedia.com/news/flush-with-new-funding-electrolyzer-startups-are-ready-to-ramp-up/,Advanced alkaline technology
ARC Clean Technology,smr-nuclear,"Saint John, NB",Canada,Private,,SMR Developer,B,Series B closed Dec 2025 for ARC-100 commercialization; Canadian CNSC licensing; New Brunswick site,2025,7,https://www.powermag.com/advanced-nuclear-developers-raise-new-capital-as-2025-investment-hits-record-levels-and-demonstrations-near/,Series B for Canadian SMR commercialization
Trina Solar (T1 Energy),solar-manufacturing,"Changzhou, China / Wilmer TX",China,Public,688599.SS,Modules,A,$200M 5 GW Texas module plant opened; expansion in 2025; rebranded T1 Energy for US ops,2024-2025,7,https://www.sunhub.com/blog/top-5-american-solar-panel-manufacturers-in-2025/,5 GW Texas module factory
JinkoSolar,solar-manufacturing,"Shanghai, China / Jacksonville FL",China,Public,JKS,Modules,A,Jacksonville FL 2 GW module factory; $67M investment; 600 jobs; operational 2024,2024,7,https://finance.yahoo.com/news/factbox-chinese-owned-solar-factories-100904217.html,2 GW Florida factory operational
GameChange Solar,solar-manufacturing,"New York, NY",USA,Private,,Trackers + Racking,A,13.7 GW shipped 2024; US manufacturing; Genius Tracker; aggressive growth,2024,7,https://www.globenewswire.com/news-release/2025/11/04/3180573/0/en/Solar-Tracker-Market-to-Reach-US-32-43-Billion-by-2033-Astute-Analytica.html,13.7 GW shipped; US tracker leader
Cyclic Materials,rare-earth-processing,Toronto ON,,Private,,REE Recycling,A,$82M investment in new rare earth recycling campus in McBee SC + existing US commercial facility,Jan 2026,7,https://www.businesswire.com/news/home/20260129743973/en/Cyclic-Materials-to-Expand-U.S.-Rare-Earth-Recycling-Footprint-with-New-South-Carolina-Campus,Your $82M South Carolina campus accelerates US recycling capacity — as magnet scrap volumes grow are more sites planned?
STMicroelectronics,semiconductor,"Geneva, Switzerland",Switzerland,Public,STM,Fabs,B,Catania Italy SiC campus with 200mm fab; EUR730M investment; reshaping EU manufacturing footprint,2024-2025,6,https://www.yolegroup.com/player-interviews/sic-is-in-a-race-to-meet-growing-demand-for-new-technologies-an-interview-with-stmicroelectronics/,Catania SiC campus; Italy investment
ESMC (TSMC/Bosch/Infineon/NXP),semiconductor,"Dresden, Germany",Germany,JV,,Fabs,B,Dresden fab joint venture; TSMC-operated; production expected 2027; €10B investment,2027,6,https://pr.tsmc.com/english/news/3049,Dresden JV; European production
Shinko Electric Industries,semiconductor,"Nagano, Japan",Japan,Public,6967.T,Substrates,B,BGA substrate expansion; AI server revenue 3x FY2023; Fujitsu subsidiary,2024-2025,6,https://www.digitimes.com/news/a20241105PD208/demand-ibiden-ic-substrate-shinko-electric-2024.html,AI server substrate growth
Microchip Technology,semiconductor,"Chandler, AZ",USA,Public,MCHP,Fabs,B,$162M CHIPS for Oregon + Colorado expansion; closing Tempe AZ Sept 2025; consolidating,2024-2025,6,https://www.oregonlive.com/silicon-forest/2024/12/microchip-will-close-arizona-factory-while-it-pursues-federal-subsidies-to-expand-in-oregon-colorado.html,Oregon + Colorado CHIPS expansion
Rohm Semiconductor,semiconductor,"Kyoto, Japan",Japan,Public,6963.T,Fabs,B,Largest facility to start end 2024; SiC production expansion; acquired Solar Frontier fab,2024-2025,6,https://www.eenewseurope.com/en/rohm-buys-japanese-fab-for-sic-boost/,New SiC fab Japan
Kokusai Electric,semiconductor,"Tokyo, Japan",Japan,Public,6525.T,Equipment (Front-End),B,New US demo center; Toyama manufacturing expansion,2024-2025,6,https://www.kokusai-electric.com/en/news/document,Batch processing equipment
NVIDIA,semiconductor,"Santa Clara, CA",USA,Public,NVDA,Fabless,B,$374M Santa Clara campus purchase 2024; 324K sqft new facility May 2025; $4.5T market cap,2025,6,https://www.credaily.com/briefs/nvidia-expansion-drives-silicon-valley-office-growth-amid-ai-boom/,Santa Clara HQ expansion
Marvell Technology,semiconductor,"Wilmington, DE",USA,Public,MRVL,Fabless,B,Vietnam expansion (HCM + Da Nang) Sept 2025; India R&D expansion; $5.5B Celestial AI acquisition Dec 2025,2025,6,https://www.marvell.com/company/newsroom/marvell-accelerates-expansion-in-vietnam.html,Vietnam + India R&D expansion
Eugene Technology,semiconductor,"Yongin, South Korea",Korea,Public,084370.KQ,Equipment (Front-End),B,Samsung large ALD order; batch-type ALD localization; Icheon investment agreement,2025,6,https://pitchbook.com/profiles/company/164906-29,Samsung ALD supplier
Clas-SiC Wafer Fab,semiconductor,"Lochgelly, UK",UK,Private,,Fabs,B,£12M investment; 150mm SiC wafer foundry; prototyping and low-volume production,2025,6,https://clas-sic.com/,UK SiC foundry
MemryX,semiconductor,"Ann Arbor, MI",USA,Private,,Fabless,B,$44M Series B; compute-at-memory AI accelerators; ramping production,2025,6,https://www.prnewswire.com/news-releases/memryx-raises-44-million-in-series-b-funding-for-advanced-edge-ai-computing-302412842.html,Michigan AI chip startup
FuriosaAI,semiconductor,"Seoul, South Korea",Korea,Private,,Fabless,B,$125M Series C; tensor contraction processor; mass production of LLM accelerator,2025,6,https://furiosa.ai/blog/announcing-furiosaais-125m-series-c-bridge-funding-to-scale-sustainable-ai-compute/,Korean AI inference
Neura Robotics,robotics-oem,Metzingen Germany,,Private,,Cognitive Robots,A,€120M Series B for cognitive robots in logistics/care/manufacturing; US market expansion planned,2025,6,https://www.marionstreetcapital.com/insights/the-robotics-industry-funding-landscape-2025,Your €120M raise for cognitive robots signals expansion — considering US manufacturing presence?
Chang Robotics,robotics-oem,Multiple US,,Private,,Healthcare/Industrial Robotics,A,$50M Chang Robotics Fund + expansion to fourth US operational site,Apr 2025,6,https://www.roboticstomorrow.com/news/2025/04/28/chang-robotics-announces-major-us-manufacturing-push-50m-fund-launch-and-breakthrough-innovations-for-2025/24650/,Your $50M fund and fourth US site show commitment to domestic manufacturing — where is the next expansion?
Mitsubishi Electric,robotics-international-v3,"Tokyo, Japan",Japan,Public,6503.T,Industrial Robotics,B,Strategic investment in Realtime Robotics (May 2024) for motion planning,2024-05,6,https://www.credenceresearch.com/report/warehouse-robotics-market,Motion planning investment; factory automation
Ballard Power,hydrogen-energy,"Burnaby, BC Canada",Canada,Public,BLDP,Fuel Cells,B,Heavy-duty mobility fuel cells; transit bus + truck focus; European + China expansion,2024,6,https://www.ballard.com/,Heavy-duty fuel cell leader
HydrogenPro,hydrogen-energy,"Porsgrunn, Norway",Norway,Public,HYPRO.OL,Electrolyzers,B,Large-scale alkaline modules; electrode production expansion; industrial hydrogen,2025,6,https://www.snsinsider.com/blogs/leading-hydrogen-electrolyzer-manufacturers-in-2025,Large-scale alkaline systems
LONGi Green Energy,solar-manufacturing,"Xi'an, China / Ohio",China,Public,601012.SS,Modules,B,Ohio module factory partnership announced Mar 2024; operations Q1 2025,2025,6,https://unicorn-sd.com/jinkosolar-trina-solar-ja-solar-longi-and-csi-solar-considered-the-worlds-top-five-module-manufacturers-have-established-or-plan-to-construct-manufacturing-facilities-in-the-us/,Ohio factory partnership
Silfab Solar,solar-manufacturing,"Mississauga, ON Canada / Burlington WA",Canada,Private,,Modules,B,Burlington WA + Fort Mill SC facilities; 1.3 GW combined capacity; North American focused,2024,6,https://silfabsolar.com/our-story/,WA + SC manufacturing; North American made
Heliene,solar-manufacturing,"Sault Ste. Marie, ON Canada / Mountain Iron MN",Canada,Private,,Modules,B,Minnesota facility operational; Canadian + US manufacturing; Iron Range expansion,2024,6,https://www.solarpowerworldonline.com/2023/10/3sun-expects-its-american-made-solar-cells-to-enter-market-in-2025/,Minnesota + Ontario manufacturing
Meyer Burger,solar-manufacturing,"Thun, Switzerland / Goodyear AZ",Switzerland,Public,MBTN.SW,Cells + Modules,B,Arizona module plant operational; Colorado cell plant announced Q4 2024 start; 2 GW HJT cell capacity,2024,6,https://www.meyerburger.com/en/newsroom/artikel/meyer-burger-announces-solar-cell-production-facility-in-colorado-usa,Arizona + Colorado US manufacturing
OMCO Solar,solar-manufacturing,"Phoenix, AZ",USA,Private,,Trackers + Racking,B,Arizona manufacturing; Origin tracker system; utility-scale focus,2024,6,https://solarbuildermag.com/news/tracking-trackers-product-upgrades-and-strategic-moves-from-top-u-s-solar-manufacturers/,Arizona US manufacturing; utility focus
DB HiTek,semiconductor,"Bucheon, South Korea",Korea,Public,000990.KS,Fabs,B,Image sensor expansion; machine vision/autonomous vehicles; high value-added focus,2024,5,https://dbhitek.com/en/index,Korea specialty foundry
Locus Robotics,robotics-oem,Wilmington MA,,Private,,Warehouse AMRs,B,New HQ construction in Wilmington; expanding globally; FedEx and major 3PL deployments,2023-2025,5,https://www.bostonglobe.com/2023/07/26/business/locus-launches-work-new-hq-wilmington/,Your new HQ and global expansion show AMR demand growing — planning US production capacity expansion?
Solid Power,battery-expanded,"Louisville, CO",USA,Public,SLDP,EV Battery,B,BMW partnership; sulfide solid electrolyte; pilot production,2024-2025,5,https://www.solidpowerbattery.com/,Solid-state development; BMW/Ford
JA Solar,solar-manufacturing,"Beijing, China / Phoenix AZ",China,Public,002459.SZ,Modules,B,Phoenix AZ 2 GW module factory announced; targeting US domestic content,2024,5,https://unicorn-sd.com/jinkosolar-trina-solar-ja-solar-longi-and-csi-solar-considered-the-worlds-top-five-module-manufacturers-have-established-or-plan-to-construct-manufacturing-facilities-in-the-us/,Phoenix AZ factory planned
Maxeon Solar,solar-manufacturing,Singapore,Singapore,Public,MAXN,Cells + Modules,B,Premium IBC technology; US cell manufacturing plans; SunPower spinoff,2024,5,https://www.maxeon.com/,Premium IBC cell technology
ESS Inc.,battery-expanded,"Wilsonville, OR",USA,Public,GWH,Long-Duration Storage,B,$50M EXIM grant for expansion,2024,4,https://essinc.com/,Iron flow batteries; EXIM backed
Enphase Energy,battery-expanded,"Fremont, CA",USA,Public,ENPH,Residential Storage,B,SC + WI + third US site; IQ Battery 5P,2023-2025,4,https://enphase.com/,US manufacturing expansion
